kind;name;atom1_name;atom2_name;atom3_name;csd_target;csd_std;pdb_count;pdb_mean;pdb_std;pdb_3low;pdb_3high;pdb_4low;pdb_4high;
base;A/DA;C6;N1;C2;118.6;0.6;651941;118.5;0.7;114.4;121.7;109.5;125.8;
base;A/DA;N1;C2;N3;129.4;0.7;651916;129.3;0.7;126.5;133.6;118.2;137.4;
base;A/DA;C2;N3;C4;110.5;0.6;651915;110.6;0.8;104.7;113.9;99.1;121.0;
base;A/DA;N3;C4;C5;126.9;0.6;651915;126.8;0.8;123.2;131.4;117.8;138.2;
base;A/DA;C4;C5;C6;117.1;0.5;651940;117.0;0.6;114.5;120.3;112.1;124.2;
base;A/DA;C5;C6;N1;117.5;0.5;651941;117.7;0.7;113.9;121.0;109.5;125.6;
base;A/DA;N3;C4;N9;127.2;0.7;651914;127.4;0.8;123.0;131.0;115.2;136.2;
base;A/DA;C6;C5;N7;132.2;0.6;651941;132.2;0.9;126.7;135.3;119.4;139.0;
base;A/DA;C5;C4;N9;105.9;0.4;651939;105.8;0.6;103.1;108.5;100.6;111.3;
base;A/DA;C4;N9;C8;105.7;0.4;651913;105.8;0.7;102.1;109.1;98.9;115.2;
base;A/DA;N9;C8;N7;113.9;0.5;651915;113.9;0.8;110.6;118.4;105.9;122.4;
base;A/DA;C8;N7;C5;103.8;0.4;651915;103.8;0.7;98.8;106.6;93.8;109.5;
base;A/DA;N7;C5;C4;110.6;0.5;651940;110.8;0.7;108.0;114.9;104.2;119.2;
base;A/DA;N6;C6;N1;118.6;0.7;651939;118.7;1.1;113.6;124.8;108.5;131.8;
base;A/DA;N6;C6;C5;123.9;0.7;651939;123.6;1.1;117.8;128.4;112.0;133.1;
base;G/DG;C6;N1;C2;125.4;0.5;943087;125.0;0.6;121.6;127.7;117.4;131.3;
base;G/DG;N1;C2;N3;123.6;0.5;943089;124.1;0.6;121.4;127.7;118.9;131.9;
base;G/DG;C2;N3;C4;112.0;0.4;943089;111.9;0.7;108.2;114.8;102.5;118.9;
base;G/DG;N3;C4;C5;128.6;0.5;943089;128.5;0.8;125.1;132.0;120.9;138.9;
base;G/DG;C4;C5;C6;118.9;0.4;943087;119.0;0.6;116.4;122.2;113.4;125.7;
base;G/DG;C5;C6;N1;111.5;0.5;943088;111.5;0.7;108.0;114.8;102.9;118.8;
base;G/DG;N3;C4;N9;125.8;0.7;943087;126.1;1.0;122.0;130.0;112.6;133.5;
base;G/DG;C6;C5;N7;130.3;0.5;943088;130.2;0.9;125.8;133.5;120.8;136.2;
base;G/DG;C5;C4;N9;105.6;0.5;943090;105.4;0.6;102.7;108.1;100.6;110.7;
base;G/DG;C4;N9;C8;106.2;0.4;943090;106.3;0.7;103.1;109.6;99.8;112.4;
base;G/DG;N9;C8;N7;113.2;0.4;943091;113.2;0.7;110.0;116.6;107.5;121.9;
base;G/DG;C8;N7;C5;104.2;0.4;943093;104.3;0.6;100.8;107.0;93.5;110.1;
base;G/DG;N7;C5;C4;110.8;0.4;943092;110.8;0.6;108.2;113.9;105.2;118.2;
base;G/DG;O6;C6;N1;120.1;0.5;943053;120.0;1.1;115.1;125.6;110.3;132.1;
base;G/DG;O6;C6;C5;128.4;0.6;943053;128.5;1.0;123.4;132.9;118.0;138.4;
base;G/DG;N2;C2;N1;116.5;0.6;943088;116.2;1.1;110.7;120.8;102.4;125.0;
base;G/DG;N2;C2;N3;119.9;0.6;943088;119.8;1.0;114.9;124.2;109.1;132.2;
base;U/DU;C6;N1;C2;121.1;0.5;459254;120.8;1.0;116.5;125.0;112.0;128.2;
base;U/DU;N1;C2;N3;114.9;0.6;459256;115.2;0.8;111.8;119.8;108.1;124.9;
base;U/DU;C2;N3;C4;127.0;0.5;459256;126.9;0.8;122.6;130.0;118.5;134.3;
base;U/DU;N3;C4;C5;114.5;0.6;459256;114.6;0.8;110.3;118.4;104.0;121.9;
base;U/DU;C4;C5;C6;119.7;0.6;459254;119.8;0.7;116.8;124.1;113.2;128.5;
base;U/DU;C5;C6;N1;122.7;0.5;459254;122.7;0.9;118.2;126.4;113.5;130.2;
base;U/DU;O2;C2;N1;122.8;0.7;459256;123.0;1.2;117.4;128.4;112.1;132.1;
base;U/DU;O2;C2;N3;122.3;0.6;459256;121.8;1.2;115.6;126.9;110.9;130.8;
base;U/DU;O4;C4;C5;126.0;0.7;459251;126.0;1.0;121.4;131.0;117.5;135.4;
base;U/DU;O4;C4;N3;119.5;0.7;459251;119.5;1.0;114.2;124.6;109.5;130.0;
base;T/DT;C6;N1;C2;121.2;0.5;50206;121.2;0.4;119.0;123.0;103.8;124.8;
base;T/DT;N1;C2;N3;114.7;0.6;50206;114.7;0.4;113.0;119.2;111.6;123.9;
base;T/DT;C2;N3;C4;127.1;0.5;50206;127.2;0.4;122.8;129.0;119.0;130.8;
base;T/DT;N3;C4;C5;115.2;0.5;50206;115.3;0.3;113.6;118.4;111.3;122.0;
base;T/DT;C4;C5;C6;118.1;0.5;50206;118.1;0.3;116.4;120.3;105.4;123.9;
base;T/DT;C5;C6;N1;123.6;0.5;50206;123.5;0.4;120.5;125.2;117.6;146.8;
base;T/DT;O2;C2;N1;123.0;0.7;50202;123.3;0.6;120.2;126.8;116.3;131.9;
base;T/DT;O2;C2;N3;122.3;0.6;50202;122.0;0.6;117.5;124.2;112.2;126.8;
base;T/DT;O4;C4;C5;125.0;0.7;50204;123.3;1.3;119.9;127.2;117.3;130.8;
base;T/DT;O4;C4;N3;119.8;0.6;50204;121.4;1.2;117.5;124.3;114.4;126.3;
base;T/DT;C7;C5;C4;118.7;0.6;49950;119.9;0.7;116.9;123.2;114.2;125.5;
base;T/DT;C7;C5;C6;123.2;0.6;49950;122.1;0.7;118.6;124.6;115.1;127.7;
base;C/DC;C6;N1;C2;120.3;0.5;718607;120.1;0.9;116.6;124.2;112.7;128.2;
base;C/DC;N1;C2;N3;119.1;0.6;718608;119.3;0.7;116.1;123.1;112.5;127.2;
base;C/DC;C2;N3;C4;120.1;0.5;718607;119.9;0.7;116.2;122.7;112.8;127.4;
base;C/DC;N3;C4;C5;121.6;0.6;718606;121.9;0.6;119.0;125.0;114.6;127.9;
base;C/DC;C4;C5;C6;117.5;0.5;718605;117.5;0.6;114.9;120.7;112.1;123.8;
base;C/DC;C5;C6;N1;121.2;0.6;718605;121.1;0.9;117.1;124.7;113.7;127.5;
base;C/DC;O2;C2;N1;118.8;0.8;718606;119.1;1.1;113.9;124.1;109.1;130.9;
base;C/DC;O2;C2;N3;122.0;0.6;718606;121.6;1.1;116.4;126.4;110.0;130.5;
base;C/DC;N4;C4;C5;120.3;0.7;718602;120.1;0.9;115.5;124.3;111.7;129.2;
base;C/DC;N4;C4;N3;118.1;0.6;718603;118.0;0.9;113.5;122.5;109.4;126.5;
PO4;PO4==AA_0;OP1;P;OP2;117.6;1.2;272500;119.6;1.5;111.8;127.8;104.4;133.1;
PO4;PO4==AA_0;OP1;P;O3';106.2;1.1;272507;107.7;1.9;97.8;116.4;86.7;125.4;
PO4;PO4==AA_0;OP1;P;O5';110.2;1.3;272507;108.3;1.9;99.0;116.6;91.7;123.2;
PO4;PO4==AA_0;OP2;P;O3';112.2;1.0;272519;108.5;1.9;100.2;117.9;87.8;125.4;
PO4;PO4==AA_0;OP2;P;O5';109.3;0.9;272519;108.2;2.0;98.5;117.0;90.0;123.8;
PO4;PO4==AA_0;O3';P;O5';99.9;0.7;272526;103.3;1.2;97.0;108.4;86.1;113.9;
PO4;PO4==AA_0;P;O3';C3';120.8;1.1;272526;120.2;1.6;113.5;128.7;106.0;136.8;
PO4;PO4==AA_0;P;O5';C5';120.3;1.9;272526;120.9;1.0;116.0;125.3;110.2;130.3;
PO4;PO4==AA_1;OP1;P;OP2;117.6;1.2;127489;119.8;1.6;111.7;128.0;96.9;133.9;
PO4;PO4==AA_1;OP1;P;O3';109.3;0.9;127490;108.2;2.1;98.9;118.4;83.5;137.4;
PO4;PO4==AA_1;OP1;P;O5';112.2;1.0;127490;108.3;2.2;97.8;118.1;75.1;129.6;
PO4;PO4==AA_1;OP2;P;O3';110.2;1.3;127497;108.1;2.0;98.9;117.9;82.8;130.1;
PO4;PO4==AA_1;OP2;P;O5';106.2;1.1;127497;107.9;2.2;96.6;117.0;85.6;132.3;
PO4;PO4==AA_1;O3';P;O5';99.9;0.7;127498;103.2;1.2;96.6;107.4;83.1;114.9;
PO4;PO4==AA_1;P;O3';C3';120.3;1.9;127498;120.7;1.6;114.2;130.4;106.5;138.5;
PO4;PO4==AA_1;P;O5';C5';120.8;1.1;127498;120.6;1.1;114.0;125.9;108.4;132.7;
PO4;PO4==AA_2;OP1;P;OP2;117.6;1.2;81406;119.9;1.7;112.1;129.1;101.5;136.8;
PO4;PO4==AA_2;OP1;P;O3';110.2;1.3;81410;108.2;2.0;99.8;118.4;84.8;125.4;
PO4;PO4==AA_2;OP1;P;O5';106.2;1.1;81410;107.9;2.2;95.7;117.1;88.5;132.6;
PO4;PO4==AA_2;OP2;P;O3';109.3;0.9;81416;108.1;2.0;98.9;117.9;83.8;137.5;
PO4;PO4==AA_2;OP2;P;O5';112.2;1.0;81416;108.1;2.2;97.1;117.9;76.5;123.5;
PO4;PO4==AA_2;O3';P;O5';99.9;0.7;81420;103.3;1.2;96.4;107.9;83.6;114.1;
PO4;PO4==AA_2;P;O3';C3';120.3;1.9;81420;120.6;1.6;113.4;130.3;108.0;139.2;
PO4;PO4==AA_2;P;O5';C5';120.8;1.1;81420;120.6;1.1;113.6;125.4;107.4;130.5;
PO4;PO4==AA_3;OP1;P;OP2;117.6;1.2;57123;119.5;1.7;110.9;127.9;103.1;134.2;
PO4;PO4==AA_3;OP1;P;O3';112.2;1.0;57123;108.5;2.2;99.2;118.0;86.5;124.8;
PO4;PO4==AA_3;OP1;P;O5';109.3;0.9;57123;108.6;2.1;98.0;118.2;88.8;126.4;
PO4;PO4==AA_3;OP2;P;O3';106.2;1.1;57127;107.4;2.1;97.4;116.9;81.9;126.6;
PO4;PO4==AA_3;OP2;P;O5';110.2;1.3;57127;107.8;2.2;97.7;117.1;89.0;123.6;
PO4;PO4==AA_3;O3';P;O5';99.9;0.7;57127;103.9;1.4;97.7;110.4;85.1;117.8;
PO4;PO4==AA_3;P;O3';C3';120.8;1.1;57127;121.1;2.0;114.3;131.5;97.0;138.0;
PO4;PO4==AA_3;P;O5';C5';120.3;1.9;57127;120.7;1.2;113.7;125.8;107.0;130.6;
PO4;PO4==AS_0;OP1;P;OP2;119.9;1.6;1808380;119.7;1.5;111.9;127.5;103.3;133.7;
PO4;PO4==AS_0;OP1;P;O3';104.5;0.9;1808473;107.6;2.0;97.3;116.8;87.0;124.0;
PO4;PO4==AS_0;OP1;P;O5';110.3;0.8;1808473;108.4;2.0;99.0;117.2;92.1;124.2;
PO4;PO4==AS_0;OP2;P;O3';111.5;1.1;1808526;108.4;1.9;100.0;118.1;91.5;124.7;
PO4;PO4==AS_0;OP2;P;O5';105.2;0.8;1808526;108.0;2.1;98.0;117.2;90.3;124.4;
PO4;PO4==AS_0;O3';P;O5';104.2;1.5;1808621;103.6;0.9;98.9;107.3;89.3;114.7;
PO4;PO4==AS_0;P;O3';C3';121.5;3.0;1808621;120.0;1.2;112.8;126.1;105.8;133.0;
PO4;PO4==AS_0;P;O5';C5';121.6;2.8;1808621;120.5;1.0;115.3;124.5;110.2;129.5;
PO4;PO4==AS_1;OP1;P;OP2;119.9;1.6;1808380;119.7;1.5;111.9;127.5;103.3;133.7;
PO4;PO4==AS_1;OP1;P;O3';105.2;0.8;1808473;107.6;2.0;97.3;116.8;87.0;124.0;
PO4;PO4==AS_1;OP1;P;O5';111.5;1.1;1808473;108.4;2.0;99.0;117.2;92.1;124.2;
PO4;PO4==AS_1;OP2;P;O3';110.3;0.8;1808526;108.4;1.9;100.0;118.1;91.5;124.7;
PO4;PO4==AS_1;OP2;P;O5';104.5;0.9;1808526;108.0;2.1;98.0;117.2;90.3;124.4;
PO4;PO4==AS_1;O3';P;O5';104.2;1.5;1808621;103.6;0.9;98.9;107.3;89.3;114.7;
PO4;PO4==AS_1;P;O3';C3';121.6;2.8;1808621;120.0;1.2;112.8;126.1;105.8;133.0;
PO4;PO4==AS_1;P;O5';C5';121.5;3.0;1808621;120.5;1.0;115.3;124.5;110.2;129.5;
PO4;PO4==AS_2;OP1;P;OP2;119.9;1.6;70382;119.8;1.8;111.4;128.6;104.8;133.9;
PO4;PO4==AS_2;OP1;P;O3';110.3;0.8;70384;108.7;2.3;99.8;119.4;89.0;125.0;
PO4;PO4==AS_2;OP1;P;O5';104.5;0.9;70384;108.0;2.4;95.7;117.4;87.5;125.1;
PO4;PO4==AS_2;OP2;P;O3';105.2;0.8;70388;107.1;2.2;96.2;116.6;87.4;123.7;
PO4;PO4==AS_2;OP2;P;O5';111.5;1.1;70388;108.1;2.3;97.3;117.8;88.6;125.6;
PO4;PO4==AS_2;O3';P;O5';104.2;1.5;70390;103.9;1.1;99.3;109.1;85.7;118.6;
PO4;PO4==AS_2;P;O3';C3';121.6;2.8;70390;120.8;1.5;115.1;129.8;106.5;138.8;
PO4;PO4==AS_2;P;O5';C5';121.5;3.0;70390;120.8;1.0;115.6;125.3;110.4;130.3;
PO4;PO4==AS_3;OP1;P;OP2;119.9;1.6;70382;119.8;1.8;111.4;128.6;104.8;133.9;
PO4;PO4==AS_3;OP1;P;O3';111.5;1.1;70384;108.7;2.3;99.8;119.4;89.0;125.0;
PO4;PO4==AS_3;OP1;P;O5';105.2;0.8;70384;108.0;2.4;95.7;117.4;87.5;125.1;
PO4;PO4==AS_3;OP2;P;O3';104.5;0.9;70388;107.1;2.2;96.2;116.6;87.4;123.7;
PO4;PO4==AS_3;OP2;P;O5';110.3;0.8;70388;108.1;2.3;97.3;117.8;88.6;125.6;
PO4;PO4==AS_3;O3';P;O5';104.2;1.5;70390;103.9;1.1;99.3;109.1;85.7;118.6;
PO4;PO4==AS_3;P;O3';C3';121.5;3.0;70390;120.8;1.5;115.1;129.8;106.5;138.8;
PO4;PO4==AS_3;P;O5';C5';121.6;2.8;70390;120.8;1.0;115.6;125.3;110.4;130.3;
PO4;other;OP1;P;OP2;119.6;1.5;2812583;119.7;1.6;111.7;127.7;102.8;134.2;
PO4;other;OP1;P;O3';107.7;3.2;2787213;107.7;2.0;97.6;117.3;82.0;125.6;
PO4;other;OP1;P;O5';108.1;2.9;2812541;108.3;2.0;98.5;117.3;89.8;125.4;
PO4;other;OP2;P;O3';108.3;3.2;2787311;108.3;2.0;99.5;118.1;86.1;127.9;
PO4;other;OP2;P;O5';108.3;2.7;2812640;108.0;2.1;97.9;117.2;88.8;124.9;
PO4;other;O3';P;O5';104.0;1.9;2787270;103.6;1.1;98.1;108.2;85.7;117.0;
PO4;other;P;O3';C3';119.7;1.2;2787070;120.2;1.4;113.0;128.1;104.4;137.8;
PO4;other;P;O5';C5';120.9;1.6;2812124;120.6;1.0;115.1;125.1;109.2;130.8;
sugar_basic;sugar_basic==A_G;C1';C2';C3';101.4;1.1;1494011;101.4;0.8;98.5;105.4;94.9;106.8;
sugar_basic;sugar_basic==A_G;C2';C3';C4';102.6;0.8;1494009;102.5;0.8;99.0;106.2;95.9;108.3;
sugar_basic;sugar_basic==A_G;C3';C4';O4';105.6;1.1;1494010;104.3;1.0;101.2;107.6;97.6;109.1;
sugar_basic;sugar_basic==A_G;C1';O4';C4';109.7;0.9;1494017;109.8;0.5;107.0;111.8;101.0;112.8;
sugar_basic;sugar_basic==A_G;C2';C1';O4';106.4;1.0;1494017;107.3;0.8;103.6;109.5;100.3;111.3;
sugar_basic;sugar_basic==A_G;C1';C2';O2';111.2;2.7;1493809;109.0;1.5;104.4;115.3;96.8;120.6;
sugar_basic;sugar_basic==A_G;C3';C2';O2';113.0;2.5;1493802;111.4;1.7;106.4;118.2;101.4;123.9;
sugar_basic;sugar_basic==A_G;C2';C3';O3';111.1;2.8;1493985;112.9;1.9;105.0;119.7;97.6;129.5;
sugar_basic;sugar_basic==A_G;C4';C3';O3';110.3;2.4;1493984;112.1;1.8;104.6;117.8;97.9;124.3;
sugar_basic;sugar_basic==A_G;C3';C4';C5';115.6;1.3;1493983;115.8;1.1;110.3;120.1;105.5;124.7;
sugar_basic;sugar_basic==A_G;C5';C4';O4';108.9;1.1;1493989;109.7;0.9;105.5;113.3;102.3;116.8;
sugar_basic;sugar_basic==A_G;N9;C1';O4';108.2;1.0;1493930;108.5;1.1;104.2;113.7;101.2;118.5;
sugar_basic;sugar_basic==A_G;N9;C1';C2';113.9;1.4;1493928;112.5;1.7;107.0;119.9;103.0;126.2;
sugar_basic;sugar_basic==A_G;C4';C5';O5';111.6;1.9;1493962;111.4;1.1;107.0;115.4;103.7;118.5;
sugar_basic;sugar_basic==A_G;C1';N9;C4;126.8;1.8;1493908;126.7;2.0;119.3;135.0;112.9;142.9;
sugar_basic;sugar_basic==A_G;C1';N9;C8;127.1;1.8;1493885;127.1;1.9;119.4;134.0;112.4;142.1;
sugar_basic;sugar_basic==U_T_C;C1';C2';C3';101.2;0.8;1127585;101.4;0.7;98.8;105.2;96.1;106.6;
sugar_basic;sugar_basic==U_T_C;C2';C3';C4';102.2;1.0;1127578;102.5;0.8;99.2;106.0;96.1;107.8;
sugar_basic;sugar_basic==U_T_C;C3';C4';O4';104.9;1.3;1127579;104.2;1.0;101.3;107.5;98.0;108.7;
sugar_basic;sugar_basic==U_T_C;C1';O4';C4';109.8;0.7;1127580;109.8;0.4;107.4;111.6;103.8;112.7;
sugar_basic;sugar_basic==U_T_C;C2';C1';O4';106.6;0.9;1127585;107.4;0.8;104.0;109.3;101.3;110.8;
sugar_basic;sugar_basic==U_T_C;C1';C2';O2';110.4;2.7;1127522;108.9;1.4;104.4;114.9;97.3;119.8;
sugar_basic;sugar_basic==U_T_C;C3';C2';O2';111.9;2.9;1127522;111.3;1.6;106.5;118.3;102.0;123.2;
sugar_basic;sugar_basic==U_T_C;C2';C3';O3';111.3;3.3;1127567;113.0;1.8;105.5;119.1;99.5;128.0;
sugar_basic;sugar_basic==U_T_C;C4';C3';O3';111.7;2.3;1127572;112.4;1.7;105.2;117.7;99.4;124.1;
sugar_basic;sugar_basic==U_T_C;C3';C4';C5';116.0;1.4;1127568;115.8;1.0;110.4;119.8;104.4;124.0;
sugar_basic;sugar_basic==U_T_C;C5';C4';O4';109.6;0.9;1127558;109.8;0.8;105.8;113.0;102.2;116.6;
sugar_basic;sugar_basic==U_T_C;N1;C1';O4';108.5;0.8;1127447;108.8;1.0;104.8;113.5;100.7;117.8;
sugar_basic;sugar_basic==U_T_C;N1;C1';C2';112.9;1.3;1127446;112.6;1.5;106.1;119.7;96.1;125.5;
sugar_basic;sugar_basic==U_T_C;C4';C5';O5';110.7;2.0;1127493;111.4;1.0;107.2;115.3;104.1;118.1;
sugar_basic;sugar_basic==U_T_C;C1';N1;C2;117.5;1.5;1127454;118.5;2.0;111.3;127.1;105.0;132.0;
sugar_basic;sugar_basic==U_T_C;C1';N1;C6;121.3;1.5;1127451;121.1;1.7;113.8;127.5;108.4;133.0;
sugar_basic;sugar_basic==DA_DG;C1';C2';C3';102.4;1.4;101012;101.9;1.6;95.9;106.6;91.2;109.8;
sugar_basic;sugar_basic==DA_DG;C2';C3';C4';102.9;1.1;101005;103.3;1.1;98.2;106.8;93.4;110.3;
sugar_basic;sugar_basic==DA_DG;C3';C4';O4';105.6;1.2;101006;105.7;0.9;100.7;108.6;97.4;113.1;
sugar_basic;sugar_basic==DA_DG;C1';O4';C4';109.1;1.5;101024;109.4;1.3;103.2;112.7;96.6;115.0;
sugar_basic;sugar_basic==DA_DG;C2';C1';O4';106.0;1.0;101019;106.0;1.2;101.4;109.6;97.2;112.3;
sugar_basic;sugar_basic==DA_DG;C2';C3';O3';110.6;2.5;100887;111.8;2.0;101.5;121.4;93.5;128.0;
sugar_basic;sugar_basic==DA_DG;C4';C3';O3';109.6;1.8;100881;109.2;2.0;100.5;118.8;92.2;126.3;
sugar_basic;sugar_basic==DA_DG;C3';C4';C5';114.7;1.3;100922;114.9;1.3;108.1;120.7;98.5;127.3;
sugar_basic;sugar_basic==DA_DG;C5';C4';O4';108.9;1.2;100940;109.7;1.1;103.9;116.3;99.8;121.2;
sugar_basic;sugar_basic==DA_DG;N9;C1';O4';107.9;1.1;101005;108.3;1.4;101.3;115.3;95.0;122.6;
sugar_basic;sugar_basic==DA_DG;N9;C1';C2';115.0;1.0;100989;114.5;1.7;106.7;121.1;98.1;126.9;
sugar_basic;sugar_basic==DA_DG;C4';C5';O5';111.0;2.2;100772;110.5;1.3;104.1;116.4;98.5;124.8;
sugar_basic;sugar_basic==DA_DG;C1';N9;C4;126.9;1.9;100988;126.5;1.0;121.8;130.4;116.1;137.2;
sugar_basic;sugar_basic==DA_DG;C1';N9;C8;126.8;1.9;100988;127.4;0.9;123.7;132.0;116.5;136.6;
sugar_basic;sugar_basic==DU_DT_DC;C1';C2';C3';102.6;1.1;100641;102.1;1.7;96.2;106.8;92.5;108.4;
sugar_basic;sugar_basic==DU_DT_DC;C2';C3';C4';102.9;1.0;100642;103.4;1.2;98.2;107.1;94.6;109.4;
sugar_basic;sugar_basic==DU_DT_DC;C3';C4';O4';105.8;0.9;100645;105.7;1.0;100.5;108.5;95.2;110.4;
sugar_basic;sugar_basic==DU_DT_DC;C1';O4';C4';110.0;0.7;100654;109.0;1.4;102.9;112.4;97.9;115.1;
sugar_basic;sugar_basic==DU_DT_DC;C2';C1';O4';106.3;0.8;100651;105.8;1.2;101.0;109.6;96.9;111.6;
sugar_basic;sugar_basic==DU_DT_DC;C2';C3';O3';110.1;2.6;100512;111.8;1.9;101.8;121.0;92.9;127.5;
sugar_basic;sugar_basic==DU_DT_DC;C4';C3';O3';110.2;2.1;100514;109.3;1.9;100.9;118.7;95.5;127.9;
sugar_basic;sugar_basic==DU_DT_DC;C3';C4';C5';115.0;1.4;100549;114.8;1.3;108.3;120.9;102.5;126.4;
sugar_basic;sugar_basic==DU_DT_DC;C5';C4';O4';109.6;1.1;100556;109.7;1.2;104.1;115.7;98.6;122.2;
sugar_basic;sugar_basic==DU_DT_DC;N1;C1';O4';107.9;0.7;100546;108.5;1.4;101.6;114.7;94.6;120.0;
sugar_basic;sugar_basic==DU_DT_DC;N1;C1';C2';113.9;1.1;100535;114.7;1.8;107.3;121.8;101.6;130.5;
sugar_basic;sugar_basic==DU_DT_DC;C4';C5';O5';110.2;1.9;100398;110.6;1.3;104.6;116.9;99.1;123.8;
sugar_basic;sugar_basic==DU_DT_DC;C1';N1;C2;118.1;1.5;100521;119.0;1.0;114.9;123.2;108.6;130.3;
sugar_basic;sugar_basic==DU_DT_DC;C1';N1;C6;120.5;1.3;100521;120.1;0.9;116.1;124.0;108.7;133.5;
sugar_pucker;pucker==A_G_C2p_endo;C1';C2';C3';101.2;1.0;211232;101.4;1.0;97.7;105.3;93.5;106.7;
sugar_pucker;pucker==A_G_C2p_endo;C2';C3';C4';102.7;0.7;211232;102.7;0.8;99.9;106.1;96.9;108.8;
sugar_pucker;pucker==A_G_C2p_endo;C3';C4';O4';106.0;0.7;211232;106.2;0.5;104.2;107.8;102.2;109.7;
sugar_pucker;pucker==A_G_C2p_endo;C1';O4';C4';109.7;0.8;211232;109.6;0.7;106.8;111.9;101.4;112.9;
sugar_pucker;pucker==A_G_C2p_endo;C2';C1';O4';105.9;0.8;211232;105.8;0.7;102.7;108.8;100.1;111.9;
sugar_pucker;pucker==A_G_C2p_endo;C1';C2';O2';112.1;2.3;211143;111.6;0.9;106.5;116.3;99.7;122.6;
sugar_pucker;pucker==A_G_C2p_endo;C3';C2';O2';114.0;1.9;211143;114.4;1.0;109.3;118.5;103.0;123.3;
sugar_pucker;pucker==A_G_C2p_endo;C2';C3';O3';109.9;2.4;211224;109.5;1.7;103.7;120.1;90.5;130.5;
sugar_pucker;pucker==A_G_C2p_endo;C4';C3';O3';109.5;1.9;211224;109.4;1.6;102.8;118.1;96.1;124.1;
sugar_pucker;pucker==A_G_C2p_endo;C3';C4';C5';115.6;1.3;211228;115.2;1.1;109.6;119.6;103.7;123.0;
sugar_pucker;pucker==A_G_C2p_endo;C5';C4';O4';108.8;1.2;211228;109.1;1.0;104.9;113.2;101.5;116.6;
sugar_pucker;pucker==A_G_C2p_endo;N9;C1';O4';108.2;1.0;211220;108.5;1.5;103.4;115.1;100.2;119.2;
sugar_pucker;pucker==A_G_C2p_endo;N9;C1';C2';114.2;1.1;211220;114.2;1.5;107.8;121.1;102.9;125.8;
sugar_pucker;pucker==A_G_C2p_endo;C4';C5';O5';111.9;1.8;211222;111.5;1.1;106.8;115.8;103.7;118.7;
sugar_pucker;pucker==A_G_C2p_endo;C1';N9;C4;127.3;1.6;211209;126.7;2.4;118.7;136.3;114.8;144.7;
sugar_pucker;pucker==A_G_C2p_endo;C1';N9;C8;126.7;1.7;211210;127.1;2.2;118.7;134.7;111.8;140.9;
sugar_pucker;pucker==A_G_C3p_endo;C1';C2';C3';101.4;1.0;1212816;101.3;0.6;98.9;103.9;96.5;106.2;
sugar_pucker;pucker==A_G_C3p_endo;C2';C3';C4';102.4;0.9;1212816;102.5;0.7;98.9;105.1;95.9;106.7;
sugar_pucker;pucker==A_G_C3p_endo;C3';C4';O4';104.4;0.8;1212816;104.0;0.6;101.3;106.5;98.3;108.1;
sugar_pucker;pucker==A_G_C3p_endo;C1';O4';C4';110.1;0.6;1212816;109.8;0.4;108.1;111.3;106.2;112.5;
sugar_pucker;pucker==A_G_C3p_endo;C2';C1';O4';107.5;0.6;1212816;107.5;0.5;105.3;109.1;103.5;110.8;
sugar_pucker;pucker==A_G_C3p_endo;C1';C2';O2';108.9;2.4;1212731;108.5;1.0;104.5;114.7;97.8;119.8;
sugar_pucker;pucker==A_G_C3p_endo;C3';C2';O2';110.1;1.8;1212731;110.9;1.2;106.4;117.6;101.7;123.2;
sugar_pucker;pucker==A_G_C3p_endo;C2';C3';O3';114.0;1.5;1212798;113.5;1.1;107.7;118.9;101.0;125.4;
sugar_pucker;pucker==A_G_C3p_endo;C4';C3';O3';112.5;2.0;1212798;112.7;1.3;106.4;117.5;100.5;123.3;
sugar_pucker;pucker==A_G_C3p_endo;C3';C4';C5';115.8;1.4;1212808;115.9;1.0;110.8;119.9;106.0;124.0;
sugar_pucker;pucker==A_G_C3p_endo;C5';C4';O4';109.2;1.1;1212808;109.9;0.8;106.5;113.1;103.5;116.3;
sugar_pucker;pucker==A_G_C3p_endo;N9;C1';O4';108.3;0.8;1212763;108.5;0.9;105.0;112.3;102.4;115.1;
sugar_pucker;pucker==A_G_C3p_endo;N9;C1';C2';112.9;1.4;1212763;112.1;1.4;107.2;118.0;103.5;122.4;
sugar_pucker;pucker==A_G_C3p_endo;C4';C5';O5';110.5;2.0;1212789;111.4;1.0;107.2;115.1;104.4;117.7;
sugar_pucker;pucker==A_G_C3p_endo;C1';N9;C4;125.8;1.8;1212760;126.7;1.9;119.9;134.2;114.2;139.6;
sugar_pucker;pucker==A_G_C3p_endo;C1';N9;C8;128.1;1.6;1212738;127.2;1.8;119.8;133.4;114.6;140.5;
sugar_pucker;pucker==A_G_other;C1';C2';C3';103.3;1.3;69590;102.1;1.5;97.3;106.5;93.5;108.8;
sugar_pucker;pucker==A_G_other;C2';C3';C4';103.0;0.8;69590;103.5;1.3;98.8;107.5;91.8;109.7;
sugar_pucker;pucker==A_G_other;C3';C4';O4';104.7;1.1;69590;105.1;1.3;99.1;108.5;94.2;110.6;
sugar_pucker;pucker==A_G_other;C1';O4';C4';108.2;1.4;69590;109.7;1.1;103.0;112.4;86.4;114.0;
sugar_pucker;pucker==A_G_other;C2';C1';O4';107.0;1.5;69590;107.3;1.3;101.5;110.8;95.7;113.1;
sugar_pucker;pucker==A_G_other;C1';C2';O2';110.7;3.1;69555;109.3;1.7;101.4;117.3;90.2;123.6;
sugar_pucker;pucker==A_G_other;C3';C2';O2';112.7;1.2;69555;111.9;2.0;105.1;120.8;97.8;125.6;
sugar_pucker;pucker==A_G_other;C2';C3';O3';114.1;1.5;69589;112.6;2.6;101.3;125.3;95.2;133.4;
sugar_pucker;pucker==A_G_other;C4';C3';O3';111.7;2.8;69589;111.4;2.3;101.0;120.7;94.0;128.9;
sugar_pucker;pucker==A_G_other;C3';C4';C5';115.1;1.6;69575;115.4;1.7;108.1;122.8;100.2;126.0;
sugar_pucker;pucker==A_G_other;C5';C4';O4';108.7;0.9;69575;109.3;1.5;103.3;115.2;99.7;129.7;
sugar_pucker;pucker==A_G_other;N9;C1';O4';107.6;0.8;69565;108.4;2.0;102.5;116.5;98.6;130.0;
sugar_pucker;pucker==A_G_other;N9;C1';C2';115.2;1.5;69565;113.5;2.5;105.2;124.4;99.0;132.6;
sugar_pucker;pucker==A_G_other;C4';C5';O5';111.7;1.8;69572;111.2;1.5;105.2;117.0;102.0;121.9;
sugar_pucker;pucker==A_G_other;C1';N9;C4;126.3;1.6;69554;127.2;3.0;115.8;138.2;108.1;148.7;
sugar_pucker;pucker==A_G_other;C1';N9;C8;127.5;2.1;69552;126.9;2.8;116.9;137.5;108.3;147.4;
sugar_pucker;pucker==U_T_C_C2p_endo;C1';C2';C3';101.3;0.8;128831;101.4;0.9;98.2;105.2;95.8;106.1;
sugar_pucker;pucker==U_T_C_C2p_endo;C2';C3';C4';102.7;0.9;128831;102.7;0.7;100.1;105.9;98.0;107.8;
sugar_pucker;pucker==U_T_C_C2p_endo;C3';C4';O4';106.0;1.0;128831;106.2;0.4;104.4;107.8;102.7;108.8;
sugar_pucker;pucker==U_T_C_C2p_endo;C1';O4';C4';109.8;0.8;128831;109.6;0.6;107.2;111.8;104.9;112.6;
sugar_pucker;pucker==U_T_C_C2p_endo;C2';C1';O4';105.8;0.7;128831;105.7;0.7;103.1;108.7;100.7;110.5;
sugar_pucker;pucker==U_T_C_C2p_endo;C1';C2';O2';112.4;1.7;128821;111.7;0.9;106.3;115.7;98.8;120.6;
sugar_pucker;pucker==U_T_C_C2p_endo;C3';C2';O2';113.3;2.9;128821;114.5;1.0;109.7;119.1;103.6;123.6;
sugar_pucker;pucker==U_T_C_C2p_endo;C2';C3';O3';108.7;2.3;128825;109.5;1.6;104.0;119.4;99.2;132.4;
sugar_pucker;pucker==U_T_C_C2p_endo;C4';C3';O3';110.6;2.3;128825;109.5;1.5;103.6;117.9;98.0;123.3;
sugar_pucker;pucker==U_T_C_C2p_endo;C3';C4';C5';115.4;1.2;128829;115.3;1.0;110.3;119.6;105.1;124.0;
sugar_pucker;pucker==U_T_C_C2p_endo;C5';C4';O4';109.5;1.1;128829;109.2;0.9;105.1;112.8;102.3;117.1;
sugar_pucker;pucker==U_T_C_C2p_endo;N1;C1';O4';108.0;0.7;128823;108.6;1.3;103.8;114.2;98.4;119.5;
sugar_pucker;pucker==U_T_C_C2p_endo;N1;C1';C2';113.5;1.1;128823;114.2;1.5;103.7;120.0;98.2;124.9;
sugar_pucker;pucker==U_T_C_C2p_endo;C4';C5';O5';110.0;1.9;128826;111.6;1.1;107.0;115.6;104.1;118.1;
sugar_pucker;pucker==U_T_C_C2p_endo;C1';N1;C2;118.6;1.3;128813;118.4;2.3;110.4;128.0;98.8;134.0;
sugar_pucker;pucker==U_T_C_C2p_endo;C1';N1;C6;120.1;1.2;128813;120.8;2.0;112.5;128.1;104.6;136.9;
sugar_pucker;pucker==U_T_C_C3p_endo;C1';C2';C3';101.2;0.9;967220;101.4;0.6;99.1;103.7;96.7;106.3;
sugar_pucker;pucker==U_T_C_C3p_endo;C2';C3';C4';101.7;0.9;967220;102.4;0.7;99.1;104.8;96.0;106.7;
sugar_pucker;pucker==U_T_C_C3p_endo;C3';C4';O4';104.0;0.7;967220;103.9;0.6;101.3;106.2;98.4;107.9;
sugar_pucker;pucker==U_T_C_C3p_endo;C1';O4';C4';109.7;0.7;967220;109.8;0.4;108.1;111.1;106.4;112.5;
sugar_pucker;pucker==U_T_C_C3p_endo;C2';C1';O4';107.3;0.6;967220;107.6;0.5;105.4;109.0;103.6;110.3;
sugar_pucker;pucker==U_T_C_C3p_endo;C1';C2';O2';108.7;2.4;967196;108.5;0.9;104.4;114.3;98.8;119.4;
sugar_pucker;pucker==U_T_C_C3p_endo;C3';C2';O2';110.6;2.3;967196;110.9;1.2;106.5;117.8;102.1;122.7;
sugar_pucker;pucker==U_T_C_C3p_endo;C2';C3';O3';113.5;2.1;967207;113.5;1.1;107.8;118.7;102.1;124.2;
sugar_pucker;pucker==U_T_C_C3p_endo;C4';C3';O3';112.6;1.9;967207;112.8;1.3;106.7;117.5;101.5;122.6;
sugar_pucker;pucker==U_T_C_C3p_endo;C3';C4';C5';116.4;1.4;967203;115.9;1.0;110.7;119.6;105.0;123.2;
sugar_pucker;pucker==U_T_C_C3p_endo;C5';C4';O4';109.8;0.8;967203;109.9;0.8;106.6;112.9;104.0;115.9;
sugar_pucker;pucker==U_T_C_C3p_endo;N1;C1';O4';108.8;0.6;967105;108.8;0.8;105.4;112.8;102.1;116.3;
sugar_pucker;pucker==U_T_C_C3p_endo;N1;C1';C2';112.3;1.1;967105;112.3;1.3;107.8;118.1;97.9;122.6;
sugar_pucker;pucker==U_T_C_C3p_endo;C4';C5';O5';111.2;1.9;967128;111.4;1.0;107.4;115.0;104.6;117.8;
sugar_pucker;pucker==U_T_C_C3p_endo;C1';N1;C2;116.6;1.1;967097;118.5;1.9;111.8;126.6;107.0;131.6;
sugar_pucker;pucker==U_T_C_C3p_endo;C1';N1;C6;122.4;0.8;967094;121.2;1.6;114.3;127.2;110.0;132.1;
sugar_pucker;pucker==DA_DG_C2p_endo;C1';C2';C3';101.9;1.1;66089;101.4;1.4;95.6;105.7;91.1;108.2;
sugar_pucker;pucker==DA_DG_C2p_endo;C2';C3';C4';103.0;0.9;66089;103.1;0.9;98.8;106.3;95.2;109.6;
sugar_pucker;pucker==DA_DG_C2p_endo;C3';C4';O4';106.0;0.9;66089;105.9;0.7;102.6;108.4;100.4;113.3;
sugar_pucker;pucker==DA_DG_C2p_endo;C1';O4';C4';109.6;0.9;66089;109.7;1.0;105.2;112.8;101.5;114.5;
sugar_pucker;pucker==DA_DG_C2p_endo;C2';C1';O4';106.0;0.9;66089;105.8;1.0;101.9;109.0;98.1;110.9;
sugar_pucker;pucker==DA_DG_C2p_endo;C2';C3';O3';109.6;2.3;66035;111.8;2.0;101.6;120.2;96.5;126.4;
sugar_pucker;pucker==DA_DG_C2p_endo;C4';C3';O3';109.4;1.9;66035;109.0;1.9;100.7;117.4;94.9;126.1;
sugar_pucker;pucker==DA_DG_C2p_endo;C3';C4';C5';114.4;1.1;66057;114.9;1.3;108.6;120.0;99.9;124.9;
sugar_pucker;pucker==DA_DG_C2p_endo;C5';C4';O4';108.9;1.1;66057;109.8;1.0;104.7;115.3;100.2;121.2;
sugar_pucker;pucker==DA_DG_C2p_endo;N9;C1';O4';108.0;1.0;66077;108.2;1.4;101.0;114.9;95.4;122.1;
sugar_pucker;pucker==DA_DG_C2p_endo;N9;C1';C2';115.0;1.0;66077;114.6;1.6;108.0;121.0;98.1;128.0;
sugar_pucker;pucker==DA_DG_C2p_endo;C4';C5';O5';111.0;2.3;65959;110.6;1.2;104.4;115.8;98.5;121.0;
sugar_pucker;pucker==DA_DG_C2p_endo;C1';N9;C4;126.8;1.9;66066;126.5;0.9;122.1;130.3;118.5;133.8;
sugar_pucker;pucker==DA_DG_C2p_endo;C1';N9;C8;126.8;1.9;66066;127.5;0.9;123.9;131.7;119.6;135.7;
sugar_pucker;pucker==DA_DG_C3p_endo;C1';C2';C3';103.5;1.1;7861;102.4;1.4;97.6;106.7;96.6;108.2;
sugar_pucker;pucker==DA_DG_C3p_endo;C2';C3';C4';101.8;1.2;7861;102.0;1.4;97.2;106.4;92.4;108.1;
sugar_pucker;pucker==DA_DG_C3p_endo;C3';C4';O4';104.9;1.0;7861;104.6;1.1;98.9;108.3;96.4;110.0;
sugar_pucker;pucker==DA_DG_C3p_endo;C1';O4';C4';110.0;1.0;7861;109.6;0.9;106.1;112.5;105.0;113.8;
sugar_pucker;pucker==DA_DG_C3p_endo;C2';C1';O4';106.7;0.5;7861;107.3;0.8;103.8;110.5;99.2;112.5;
sugar_pucker;pucker==DA_DG_C3p_endo;C2';C3';O3';113.5;1.6;7841;111.7;2.1;100.7;122.1;93.2;127.8;
sugar_pucker;pucker==DA_DG_C3p_endo;C4';C3';O3';109.1;0.7;7841;110.1;1.8;102.2;120.3;98.7;125.5;
sugar_pucker;pucker==DA_DG_C3p_endo;C3';C4';C5';116.3;0.8;7858;115.0;1.3;107.5;121.3;104.7;132.7;
sugar_pucker;pucker==DA_DG_C3p_endo;C5';C4';O4';109.6;1.0;7858;109.6;1.2;104.1;116.1;101.8;120.5;
sugar_pucker;pucker==DA_DG_C3p_endo;N9;C1';O4';107.5;0.7;7858;108.5;1.1;102.8;113.4;95.7;118.7;
sugar_pucker;pucker==DA_DG_C3p_endo;N9;C1';C2';113.6;0.8;7858;113.8;1.6;106.6;120.5;103.8;122.2;
sugar_pucker;pucker==DA_DG_C3p_endo;C4';C5';O5';111.9;1.3;7849;110.5;1.4;104.1;116.3;101.2;124.3;
sugar_pucker;pucker==DA_DG_C3p_endo;C1';N9;C4;125.7;1.0;7856;126.5;1.1;121.0;131.6;119.9;140.4;
sugar_pucker;pucker==DA_DG_C3p_endo;C1';N9;C8;128.1;1.3;7856;127.5;1.0;123.0;132.7;115.5;133.7;
sugar_pucker;pucker==DA_DG_other;C1';C2';C3';103.8;1.3;27049;103.0;1.5;97.0;107.1;91.3;110.5;
sugar_pucker;pucker==DA_DG_other;C2';C3';C4';102.9;1.3;27049;103.9;1.3;98.0;107.5;93.9;110.6;
sugar_pucker;pucker==DA_DG_other;C3';C4';O4';104.8;1.6;27049;105.6;1.2;99.8;109.0;96.6;112.5;
sugar_pucker;pucker==DA_DG_other;C1';O4';C4';107.3;1.5;27049;108.7;1.6;102.1;112.5;95.4;115.2;
sugar_pucker;pucker==DA_DG_other;C2';C1';O4';105.7;1.1;27049;106.0;1.4;100.4;109.8;95.5;112.4;
sugar_pucker;pucker==DA_DG_other;C2';C3';O3';112.3;1.8;26998;112.1;2.1;101.5;122.6;92.5;128.0;
sugar_pucker;pucker==DA_DG_other;C4';C3';O3';110.2;1.8;26998;109.4;2.1;100.1;120.5;91.6;126.5;
sugar_pucker;pucker==DA_DG_other;C3';C4';C5';114.9;1.5;27000;114.8;1.4;106.8;122.6;97.9;128.1;
sugar_pucker;pucker==DA_DG_other;C5';C4';O4';108.7;1.4;27000;109.6;1.4;103.1;117.6;99.4;121.1;
sugar_pucker;pucker==DA_DG_other;N9;C1';O4';107.7;1.3;27034;108.5;1.5;101.6;116.6;95.6;126.4;
sugar_pucker;pucker==DA_DG_other;N9;C1';C2';115.4;0.9;27034;114.2;1.8;106.1;121.8;97.9;126.0;
sugar_pucker;pucker==DA_DG_other;C4';C5';O5';110.9;2.1;26939;110.5;1.6;103.4;117.7;98.5;140.9;
sugar_pucker;pucker==DA_DG_other;C1';N9;C4;127.6;1.9;27026;126.6;1.0;121.6;130.6;114.5;139.6;
sugar_pucker;pucker==DA_DG_other;C1';N9;C8;126.2;1.9;27026;127.4;1.0;123.5;132.1;114.2;141.6;
sugar_pucker;pucker==DU_DT_DC_C2p_endo;C1';C2';C3';102.4;0.9;49389;101.3;1.5;95.6;106.0;91.8;107.8;
sugar_pucker;pucker==DU_DT_DC_C2p_endo;C2';C3';C4';102.9;0.9;49389;103.1;0.9;98.9;106.4;95.9;108.9;
sugar_pucker;pucker==DU_DT_DC_C2p_endo;C3';C4';O4';105.9;0.8;49389;105.9;0.7;102.6;108.5;98.7;110.3;
sugar_pucker;pucker==DU_DT_DC_C2p_endo;C1';O4';C4';110.0;0.6;49389;109.4;1.0;105.4;112.4;102.1;115.0;
sugar_pucker;pucker==DU_DT_DC_C2p_endo;C2';C1';O4';106.2;0.7;49389;105.6;1.0;101.4;108.7;97.8;110.7;
sugar_pucker;pucker==DU_DT_DC_C2p_endo;C2';C3';O3';109.5;2.3;49347;111.5;2.0;101.6;120.1;94.9;124.9;
sugar_pucker;pucker==DU_DT_DC_C2p_endo;C4';C3';O3';109.8;2.0;49347;109.2;1.8;101.0;117.2;96.4;125.4;
sugar_pucker;pucker==DU_DT_DC_C2p_endo;C3';C4';C5';114.7;1.4;49335;114.7;1.4;108.2;120.7;102.8;126.1;
sugar_pucker;pucker==DU_DT_DC_C2p_endo;C5';C4';O4';109.7;1.1;49335;109.7;1.1;104.1;115.8;98.8;122.5;
sugar_pucker;pucker==DU_DT_DC_C2p_endo;N1;C1';O4';107.8;0.6;49342;108.4;1.4;101.7;114.6;91.8;119.6;
sugar_pucker;pucker==DU_DT_DC_C2p_endo;N1;C1';C2';114.0;0.9;49342;114.9;1.8;108.0;121.6;103.7;133.1;
sugar_pucker;pucker==DU_DT_DC_C2p_endo;C4';C5';O5';110.1;1.7;49228;110.6;1.2;105.3;116.5;98.7;122.7;
sugar_pucker;pucker==DU_DT_DC_C2p_endo;C1';N1;C2;118.3;1.3;49331;119.0;0.9;115.0;122.6;108.0;127.8;
sugar_pucker;pucker==DU_DT_DC_C2p_endo;C1';N1;C6;120.3;1.1;49331;120.1;0.9;116.4;123.8;110.6;132.2;
sugar_pucker;pucker==DU_DT_DC_C3p_endo;C1';C2';C3';103.0;1.1;8671;102.5;1.3;97.5;106.5;95.9;108.4;
sugar_pucker;pucker==DU_DT_DC_C3p_endo;C2';C3';C4';102.2;0.8;8671;102.1;1.4;96.4;106.4;91.2;107.4;
sugar_pucker;pucker==DU_DT_DC_C3p_endo;C3';C4';O4';104.8;0.8;8671;104.5;1.1;99.6;107.8;93.9;109.3;
sugar_pucker;pucker==DU_DT_DC_C3p_endo;C1';O4';C4';110.1;0.7;8671;109.6;0.9;106.0;112.5;104.5;115.6;
sugar_pucker;pucker==DU_DT_DC_C3p_endo;C2';C1';O4';107.1;0.5;8671;107.3;0.7;103.6;110.6;101.1;112.0;
sugar_pucker;pucker==DU_DT_DC_C3p_endo;C2';C3';O3';112.6;2.7;8626;111.7;2.0;101.8;122.3;96.4;127.9;
sugar_pucker;pucker==DU_DT_DC_C3p_endo;C4';C3';O3';112.1;2.0;8626;110.2;1.8;103.2;121.0;99.3;131.5;
sugar_pucker;pucker==DU_DT_DC_C3p_endo;C3';C4';C5';116.1;1.1;8662;114.9;1.2;108.6;120.5;102.4;122.9;
sugar_pucker;pucker==DU_DT_DC_C3p_endo;C5';C4';O4';109.5;0.7;8662;109.6;1.1;104.1;115.5;98.9;121.2;
sugar_pucker;pucker==DU_DT_DC_C3p_endo;N1;C1';O4';108.1;0.8;8654;108.8;1.2;103.9;114.6;97.7;118.2;
sugar_pucker;pucker==DU_DT_DC_C3p_endo;N1;C1';C2';113.0;1.3;8654;113.9;1.5;106.6;121.4;101.1;127.1;
sugar_pucker;pucker==DU_DT_DC_C3p_endo;C4';C5';O5';111.1;2.5;8651;110.5;1.3;104.6;116.8;100.5;118.2;
sugar_pucker;pucker==DU_DT_DC_C3p_endo;C1';N1;C2;116.6;1.1;8650;118.9;1.1;114.1;122.9;109.8;125.9;
sugar_pucker;pucker==DU_DT_DC_C3p_endo;C1';N1;C6;122.0;0.9;8650;120.3;1.0;116.7;124.6;112.9;129.5;
sugar_pucker;pucker==DU_DT_DC_other;C1';C2';C3';103.9;1.5;42575;103.0;1.4;97.8;107.1;93.7;108.5;
sugar_pucker;pucker==DU_DT_DC_other;C2';C3';C4';103.5;1.3;42575;104.1;1.1;98.6;107.6;94.3;109.5;
sugar_pucker;pucker==DU_DT_DC_other;C3';C4';O4';106.1;1.5;42575;105.6;1.1;100.0;108.6;94.6;110.5;
sugar_pucker;pucker==DU_DT_DC_other;C1';O4';C4';109.1;0.9;42575;108.3;1.5;102.1;112.2;95.7;114.1;
sugar_pucker;pucker==DU_DT_DC_other;C2';C1';O4';106.3;1.1;42575;105.8;1.3;100.6;109.7;96.2;111.3;
sugar_pucker;pucker==DU_DT_DC_other;C2';C3';O3';111.6;2.6;42529;112.1;1.9;102.1;121.5;92.2;127.7;
sugar_pucker;pucker==DU_DT_DC_other;C4';C3';O3';111.5;1.4;42529;109.3;2.0;100.6;119.2;95.2;128.0;
sugar_pucker;pucker==DU_DT_DC_other;C3';C4';C5';115.1;1.2;42539;114.8;1.3;108.4;121.1;102.5;127.2;
sugar_pucker;pucker==DU_DT_DC_other;C5';C4';O4';108.7;1.0;42539;109.7;1.2;104.3;115.7;98.6;122.2;
sugar_pucker;pucker==DU_DT_DC_other;N1;C1';O4';107.7;0.8;42520;108.4;1.5;101.2;114.8;96.5;119.9;
sugar_pucker;pucker==DU_DT_DC_other;N1;C1';C2';114.5;1.7;42520;114.6;1.8;106.9;122.3;101.8;129.1;
sugar_pucker;pucker==DU_DT_DC_other;C4';C5';O5';109.7;2.3;42490;110.5;1.4;104.1;117.3;99.9;123.9;
sugar_pucker;pucker==DU_DT_DC_other;C1';N1;C2;119.0;1.7;42502;119.1;0.9;115.1;123.9;109.5;130.9;
sugar_pucker;pucker==DU_DT_DC_other;C1';N1;C6;119.4;1.6;42502;120.0;0.9;115.5;123.9;108.3;133.8;
